1,2,3
จักรยานเสือภูเขา,ที่ยกน้ำหนัก (Dumbell),Lego
คอลลาเจน,โรตี,กะหรี่(ปั๊บ)
Brownie อวกาศ,กัญชง,กัญชา
แม่โขง,แสงโสม,เนื้อวากิล
Botox,คอร์สโบท็อกกราม,คอลลาเจน
กัญชา,Brownie อวกาศ,แม่โขง
กัญชง,Brownie อวกาศ,แผ่นเสียง
เครื่องวัดความดัน,หมอนข้าง,ตาชั่ง 
หลอดไฟเปลี่ยนสีได้,ไฟอัจฉริยะ,Software ถูกลิขสิทธิ์
คอร์ส bikini wax,เสื้อซีทรู,ชุดนอนไม่ได้นอน
เก้าอี้นวดไฟฟ้า,บัตตาเลี่ยนที่ตัดผม,แม่โขง
ต้นไม้ประดับห้อง,เม็ดมะม่วงหิมพานต์,โรตี
หมอนข้าง,เม็ดมะม่วงหิมพานต์,โรตี
ตาชั่ง ,หมอนข้าง,กะหรี่(ปั๊บ)
คอร์สโบท็อกกราม,Botox,เสื้อซีทรู
แสงโสม,แม่โขง,เม็ดมะม่วงหิมพานต์
กะหรี่(ปั๊บ),โรตี,เม็ดมะม่วงหิมพานต์
Lego,โรตี,ต้นไม้ประดับห้อง
แฟน ที่แปลว่าพัดลม,กะหรี่(ปั๊บ),โรตี
ยาดอง,Lego,โรตี
ชุดนอนไม่ได้นอน,เสื้อซีทรู,หมอนสุขภาพสำหรับคนนอนไม่หลับ
ที่ยกน้ำหนัก (Dumbell),หมอนข้าง,โรตี
เครื่องดูดฝุ่นอัตโนมัติ (robot),หมอนข้าง,โรตี
เนื้อวากิล,เนื้อย่าง,โรตี
จักรยานเสือภูเขา,คอลลาเจน,Brownie อวกาศ
drone,Surfskate,แผ่นเสียง
เครื่องย่อยเศษอาหาร,อาหารแมวคลีนเพื่อสุขภาพลดหุ่น,เครื่องทำลายเอกสาร
เสื้อซีทรู,ชุดนอนไม่ได้นอน,คอลลาเจน
ไพ่ยิปซี,ที่ยกน้ำหนัก (Dumbell),กะหรี่(ปั๊บ)
เนื้อย่าง,เนื้อวากิล,โรตี
เครื่องทำลายเอกสาร,ไดร์เป่าผม Dyson,เครื่องย่อยเศษอาหาร
Surfskate,drone,ไฟอัจฉริยะ
Board game,กะหรี่(ปั๊บ),โรตี
ชุดน้องหมา,น้องหมา,โรตี
Omakase,Lego,กรรไกรตัดขนจมูก
เม็ดมะม่วงหิมพานต์,กะหรี่(ปั๊บ),โรตี
ไฟอัจฉริยะ,หลอดไฟเปลี่ยนสีได้,Software ถูกลิขสิทธิ์
บัตตาเลี่ยนที่ตัดผม,เก้าอี้นวดไฟฟ้า,อาหารแมวคลีนเพื่อสุขภาพลดหุ่น
ไดร์เป่าผม Dyson,เครื่องทำลายเอกสาร,เครื่องดูดฝุ่นอัตโนมัติ (robot)
แผ่นเสียง,กัญชง,Brownie อวกาศ
กรรไกรตัดขนจมูก,เนื้อย่าง,โรตี
PS5,เครื่องย่อยเศษอาหาร,Omakase
จักรยานเสือภูเขา,คอลลาเจน,Brownie อวกาศ
โรตี,กะหรี่(ปั๊บ),เม็ดมะม่วงหิมพานต์
กะปิดอง,ที่ยกน้ำหนัก (Dumbell),คอลลาเจน
น้องหมา,ชุดน้องหมา,หมอนสุขภาพสำหรับคนนอนไม่หลับ
จักรยานเสือภูเขา,คอลลาเจน,Brownie อวกาศ
เกมส์ FIFA Online,กัญชา,แสงโสม
มะม่วงเบา,ที่ยกน้ำหนัก (Dumbell),เม็ดมะม่วงหิมพานต์
ห้องน้ำแมวอัตโนมัติ,อาหารแมวคลีนเพื่อสุขภาพลดหุ่น,Brownie อวกาศ
จักรยานเสือภูเขา,คอลลาเจน,Brownie อวกาศ
ข้าวขาหมูคากิคาจักออนไลน์,Brownie อวกาศ,กัญชา
จักรยานเสือภูเขา,คอลลาเจน,Brownie อวกาศ
หมอนสุขภาพสำหรับคนนอนไม่หลับ,ที่ยกน้ำหนัก (Dumbell),เม็ดมะม่วงหิมพานต์
อาหารแมวคลีนเพื่อสุขภาพลดหุ่น,เครื่องย่อยเศษอาหาร,ห้องน้ำแมวอัตโนมัติ
น้ำส้มดีโด้,กะหรี่(ปั๊บ),โรตี
Software ถูกลิขสิทธิ์,โรตี,กะหรี่(ปั๊บ)
